{
  "Total" : {
    "transaction" : "Total",
    "sampleCount" : 692,
    "errorCount" : 0,
    "errorPct" : 0.0,
    "meanResTime" : 204179.75433526008,
    "medianResTime" : 189673.5,
    "minResTime" : 3838.0,
    "maxResTime" : 561619.0,
    "pct1ResTime" : 401638.4000000001,
    "pct2ResTime" : 442921.10000000003,
    "pct3ResTime" : 506648.38000000024,
    "throughput" : 1.1318563589227737,
    "receivedKBytesPerSec" : 0.2851747466817145,
    "sentKBytesPerSec" : 76968.17212405031
  },
  "POST /api/videos/upload" : {
    "transaction" : "POST /api/videos/upload",
    "sampleCount" : 692,
    "errorCount" : 0,
    "errorPct" : 0.0,
    "meanResTime" : 204179.75433526008,
    "medianResTime" : 189673.5,
    "minResTime" : 3838.0,
    "maxResTime" : 561619.0,
    "pct1ResTime" : 401638.4000000001,
    "pct2ResTime" : 442921.10000000003,
    "pct3ResTime" : 506648.38000000024,
    "throughput" : 1.1318563589227737,
    "receivedKBytesPerSec" : 0.2851747466817145,
    "sentKBytesPerSec" : 76968.17212405031
  }
}