{
  "Total" : {
    "transaction" : "Total",
    "sampleCount" : 737,
    "errorCount" : 462,
    "errorPct" : 62.686565,
    "meanResTime" : 186904.43012211664,
    "medianResTime" : 175910.0,
    "minResTime" : 4968.0,
    "maxResTime" : 482527.0,
    "pct1ResTime" : 352933.4000000001,
    "pct2ResTime" : 386054.9,
    "pct3ResTime" : 459009.60000000003,
    "throughput" : 1.1504031093663416,
    "receivedKBytesPerSec" : 2.2519556096785274,
    "sentKBytesPerSec" : 33223.60482861755
  },
  "POST /api/videos/upload" : {
    "transaction" : "POST /api/videos/upload",
    "sampleCount" : 737,
    "errorCount" : 462,
    "errorPct" : 62.686565,
    "meanResTime" : 186904.43012211664,
    "medianResTime" : 175910.0,
    "minResTime" : 4968.0,
    "maxResTime" : 482527.0,
    "pct1ResTime" : 352933.4000000001,
    "pct2ResTime" : 386054.9,
    "pct3ResTime" : 459009.60000000003,
    "throughput" : 1.1504031093663416,
    "receivedKBytesPerSec" : 2.2519556096785274,
    "sentKBytesPerSec" : 33223.60482861755
  }
}