{
  "Total" : {
    "transaction" : "Total",
    "sampleCount" : 213,
    "errorCount" : 157,
    "errorPct" : 73.70892,
    "meanResTime" : 257666.77934272314,
    "medianResTime" : 275425.0,
    "minResTime" : 6846.0,
    "maxResTime" : 358066.0,
    "pct1ResTime" : 323093.4,
    "pct2ResTime" : 332494.0999999999,
    "pct3ResTime" : 350811.62,
    "throughput" : 0.29735479872011794,
    "receivedKBytesPerSec" : 0.09049804180347779,
    "sentKBytesPerSec" : 5180.669069946522
  },
  "POST /api/videos/upload" : {
    "transaction" : "POST /api/videos/upload",
    "sampleCount" : 213,
    "errorCount" : 157,
    "errorPct" : 73.70892,
    "meanResTime" : 257666.77934272314,
    "medianResTime" : 275425.0,
    "minResTime" : 6846.0,
    "maxResTime" : 358066.0,
    "pct1ResTime" : 323093.4,
    "pct2ResTime" : 332494.0999999999,
    "pct3ResTime" : 350811.62,
    "throughput" : 0.29735479872011794,
    "receivedKBytesPerSec" : 0.09049804180347779,
    "sentKBytesPerSec" : 5180.669069946522
  }
}