Type,Name,Request Count,Failure Count,Median Response Time,Average Response Time,Min Response Time,Max Response Time,Average Content Size,Requests/s,Failures/s,50%,66%,75%,80%,90%,95%,98%,99%,99.9%,99.99%,100%
POST,/api/auth/login,100,50,210.0,276.2372281894204,4.926744004478678,5544.884927003295,187.5,0.2104328817641223,0.10521644088206115,210,220,230,240,340,810,3900,5500,5500,5500,5500
GET,/api/public/rankings,1773,0,12,65.09178232300854,5.0293209933442995,4028.963881995878,136.0,3.730974993677888,0.0,12,21,29,34,63,110,410,1700,4000,4000,4000
GET,/api/videos,1777,0,13,66.5400508214389,5.717146006645635,5315.866732998984,2.0,3.7393923089484535,0.0,13,21,28,34,58,100,380,1700,4000,5300,5300
POST,/api/videos/upload,5301,5301,120.0,258.979753674059,38.18305999448057,11172.338327000034,95.0,11.155047062316124,11.155047062316124,120,150,180,210,330,510,1700,4500,9400,11000,11000
,Aggregated,8951,5351,73,182.5633781045156,4.926744004478678,11172.338327000034,85.69176628309685,18.83584724670659,11.260263503198184,73,110,140,160,260,410,1200,3400,9400,11000,11000
