Type,Name,Request Count,Failure Count,Median Response Time,Average Response Time,Min Response Time,Max Response Time,Average Content Size,Requests/s,Failures/s,50%,66%,75%,80%,90%,95%,98%,99%,99.9%,99.99%,100%
POST,/api/auth/login,5,5,8,11.577765000401996,6.172787994728424,26.339916003053077,197.0,0.08631011902632088,0.08631011902632088,8,10,10,26,26,26,26,26,26,26,26
GET,/api/public/rankings,22,0,7,12.063165367263453,5.99283300107345,101.48374500568025,136.0,0.3797645237158119,0.0,8,8,8,10,11,11,100,100,100,100,100
,Aggregated,27,5,8,11.973276410437258,5.99283300107345,101.48374500568025,147.2962962962963,0.4660746427421328,0.08631011902632088,8,8,10,10,11,26,100,100,100,100,100
