Type,Name,Request Count,Failure Count,Median Response Time,Average Response Time,Min Response Time,Max Response Time,Average Content Size,Requests/s,Failures/s,50%,66%,75%,80%,90%,95%,98%,99%,99.9%,99.99%,100%
POST,/api/auth/login,300,150,660.0,30972.11301333293,4.9718319933163,154555.77430300764,187.5,0.5954889360275837,0.29774446801379184,720,18000,33000,70000,137000,144000,151000,153000,155000,155000,155000
GET,/api/public/rankings,750,0,4400.0,9598.846301081616,5.349749990273267,72078.12931400258,136.0,1.488722340068959,0.0,4400,9900,16000,20000,29000,34000,44000,61000,72000,72000,72000
GET,/api/videos,741,0,4200.0,9890.644819708263,6.040171007043682,128695.7733760064,2.0,1.4708576719881317,0.0,4200,10000,16000,19000,28000,33000,47000,68000,129000,129000,129000
POST,/api/videos/upload,2095,2095,12000.0,15695.398869967523,40.51971099397633,77247.40830399969,81.57756563245823,4.158497736592626,4.158497736592626,12000,23000,30000,31000,39000,47000,54000,59000,72000,77000,77000
,Aggregated,3886,2245,6000.0,14591.249890323445,4.9718319933163,154555.77430300764,85.08414822439526,7.7135666846773,4.456242204606418,6000,17000,24000,29000,37000,47000,70000,132000,153000,155000,155000
