Type,Name,Request Count,Failure Count,Median Response Time,Average Response Time,Min Response Time,Max Response Time,Average Content Size,Requests/s,Failures/s,50%,66%,75%,80%,90%,95%,98%,99%,99.9%,99.99%,100%
POST,/api/auth/login,80,40,2500.0,2519.7950756992213,712.2036590008065,3859.960575995501,187.5,0.2681664650839358,0.1340832325419679,2500,3000,3300,3500,3700,3800,3800,3900,3900,3900,3900
GET,/api/public/rankings,1070,0,11,49.870773698540546,5.4911019979044795,3467.029958992498,136.0,3.5867264704976414,0.0,12,20,28,34,59,95,180,1500,3100,3500,3500
GET,/api/videos,1110,0,12,42.99367675671788,5.654686989146285,3352.79772800277,2.0,3.7208097030396092,0.0,12,19,26,31,53,85,190,430,3300,3400,3400
POST,/api/videos/upload,3298,3298,120.0,209.90134853223057,37.96680200321134,10737.128345994279,95.0,11.055162523085254,11.055162523085254,120,160,190,220,330,480,740,1100,9700,11000,11000
,Aggregated,5558,3338,78,179.00737002026437,5.4911019979044795,10737.128345994279,85.65131342209428,18.630865161706442,11.189245755627221,78,120,150,170,280,460,1500,2900,9100,11000,11000
