Type,Name,Request Count,Failure Count,Median Response Time,Average Response Time,Min Response Time,Max Response Time,Average Content Size,Requests/s,Failures/s,50%,66%,75%,80%,90%,95%,98%,99%,99.9%,99.99%,100%
POST,/api/auth/login,200,100,210.0,581.271481530348,4.9542930064490065,21475.027056003455,187.5,0.42019605940926047,0.21009802970463023,210,230,260,280,490,780,17000,18000,21000,21000,21000
GET,/api/public/rankings,1025,0,110.0,2859.246387499564,5.600904987659305,39156.63152000343,136.0,2.15350480447246,0.0,110,470,3300,5200,12000,16000,19000,24000,38000,39000,39000
GET,/api/videos,1078,0,95,2900.598387895258,5.709417993784882,43930.067473993404,2.0,2.2648567602159138,0.0,95,430,4300,5500,12000,16000,19000,25000,39000,44000,44000
POST,/api/videos/upload,3129,3129,820.0,6276.816954924176,38.18063100334257,55619.73733299237,93.4819431128156,6.57396734945788,6.57396734945788,820,2600,8700,13000,23000,29000,35000,38000,45000,56000,56000
,Aggregated,5432,3229,400.0,4752.206766863394,4.9542930064490065,55619.73733299237,86.81167157584683,11.412524973555515,6.78406537916251,400,1700,5500,8200,18000,25000,32000,35000,44000,56000,56000
