Type,Name,Request Count,Failure Count,Median Response Time,Average Response Time,Min Response Time,Max Response Time,Average Content Size,Requests/s,Failures/s,50%,66%,75%,80%,90%,95%,98%,99%,99.9%,99.99%,100%
POST,Auth/Login,200,96,38000.0,37802.93829977535,943.0869589996291,60357.166583002254,156.44,0.22255669823073865,0.10682721515075455,39000,60000,60000,60000,60000,60000,60000,60000,60000,60000,60000
POST,Videos/Upload,3222,799,25000.0,27959.556894900812,593.9182090005488,97039.21416700177,108.735878336437,3.5853884084971996,0.889114009431801,25000,27000,28000,29000,35000,69000,74000,77000,92000,97000,97000
,Aggregated,3422,895,25000.0,28534.85680167316,593.9182090005488,97039.21416700177,111.5239625949737,3.807945106727938,0.9959412245825555,25000,27000,28000,29000,60000,68000,74000,76000,92000,97000,97000
