Type,Name,Request Count,Failure Count,Median Response Time,Average Response Time,Min Response Time,Max Response Time,Average Content Size,Requests/s,Failures/s,50%,66%,75%,80%,90%,95%,98%,99%,99.9%,99.99%,100%
POST,Auth/Login,120,0,14000.0,15365.379264908326,587.6932500000294,35356.50945800001,179.0,0.04449923302345135,0.0,14000,20000,24000,26000,31000,33000,35000,35000,35000,35000,35000
POST,Videos/Upload,10942,0,28000.0,29125.8596384092,10291.752416000008,67286.01091700011,103.0,4.057588397855039,0.0,28000,30000,31000,32000,37000,46000,53000,57000,65000,67000,67000
,Aggregated,11062,0,28000.0,28976.586663827755,587.6932500000294,67286.01091700011,103.82444404266859,4.10208763087849,0.0,28000,30000,31000,32000,37000,46000,53000,57000,65000,67000,67000
