Type,Name,Request Count,Failure Count,Median Response Time,Average Response Time,Min Response Time,Max Response Time,Average Content Size,Requests/s,Failures/s,50%,66%,75%,80%,90%,95%,98%,99%,99.9%,99.99%,100%
POST,Auth/Login,200,82,36000.0,35928.582747324996,614.9364589996367,60496.184290999736,159.73,0.2223298619259856,0.09115524338965411,36000,60000,60000,60000,60000,60000,60000,60000,60000,60000,60000
POST,Videos/Upload,3198,361,27000.0,31893.46923155907,842.0509999996284,164113.9848749999,106.23233270794246,3.55505449219651,0.40130540077640403,27000,29000,31000,32000,65000,74000,79000,83000,153000,164000,164000
,Aggregated,3398,443,27000.0,32130.968555618223,614.9364589996367,164113.9848749999,109.38110653325485,3.777384354122496,0.49246064416605817,27000,29000,31000,32000,62000,74000,79000,82000,153000,164000,164000
