Type,Name,Request Count,Failure Count,Median Response Time,Average Response Time,Min Response Time,Max Response Time,Average Content Size,Requests/s,Failures/s,50%,66%,75%,80%,90%,95%,98%,99%,99.9%,99.99%,100%
POST,Auth/Login,120,18,18000.0,22572.573316616694,688.0092499995953,60220.63179200086,171.95,0.04447207799425506,0.006670811699138258,18000,26000,31000,33000,60000,60000,60000,60000,60000,60000,60000
POST,Videos/Upload,10684,261,24000.0,25401.793641274748,701.1573750005482,93930.20645800061,103.70844253088731,3.9594973440885086,0.09672676963750475,24000,25000,26000,27000,30000,43000,64000,70000,79000,93000,94000
,Aggregated,10804,279,24000.0,25370.36949846107,688.0092499995953,93930.20645800061,104.4664013328397,4.003969422082764,0.10339758133664301,24000,25000,26000,27000,30000,43000,64000,70000,79000,93000,94000
